,links
0,https://www.valueresearchonline.com/funds/portfoliovr.asp?schemecode=29126
1,https://www.valueresearchonline.com/funds/portfoliovr.asp?schemecode=31218
2,https://www.valueresearchonline.com/funds/portfoliovr.asp?schemecode=35006
3,https://www.valueresearchonline.com/funds/portfoliovr.asp?schemecode=35871
4,https://www.valueresearchonline.com/funds/portfoliovr.asp?schemecode=4875
5,https://www.valueresearchonline.com/funds/portfoliovr.asp?schemecode=4881
6,https://www.valueresearchonline.com/funds/portfoliovr.asp?schemecode=4873
7,https://www.valueresearchonline.com/funds/portfoliovr.asp?schemecode=570
8,https://www.valueresearchonline.com/funds/portfoliovr.asp?schemecode=10093
9,https://www.valueresearchonline.com/funds/portfoliovr.asp?schemecode=7687
10,https://www.valueresearchonline.com/funds/portfoliovr.asp?schemecode=1386
11,https://www.valueresearchonline.com/funds/portfoliovr.asp?schemecode=770
12,https://www.valueresearchonline.com/funds/portfoliovr.asp?schemecode=2444
13,https://www.valueresearchonline.com/funds/portfoliovr.asp?schemecode=3063
14,https://www.valueresearchonline.com/funds/portfoliovr.asp?schemecode=37720
15,https://www.valueresearchonline.com/funds/portfoliovr.asp?schemecode=36486
16,https://www.valueresearchonline.com/funds/portfoliovr.asp?schemecode=36936
17,https://www.valueresearchonline.com/funds/portfoliovr.asp?schemecode=39560
18,https://www.valueresearchonline.com/funds/portfoliovr.asp?schemecode=3268
19,https://www.valueresearchonline.com/funds/portfoliovr.asp?schemecode=7685
20,https://www.valueresearchonline.com/funds/portfoliovr.asp?schemecode=1384
21,https://www.valueresearchonline.com/funds/portfoliovr.asp?schemecode=31137
22,https://www.valueresearchonline.com/funds/portfoliovr.asp?schemecode=31057
23,https://www.valueresearchonline.com/funds/portfoliovr.asp?schemecode=31304
24,https://www.valueresearchonline.com/funds/portfoliovr.asp?schemecode=33256
25,https://www.valueresearchonline.com/funds/portfoliovr.asp?schemecode=33381
26,https://www.valueresearchonline.com/funds/portfoliovr.asp?schemecode=34036
27,https://www.valueresearchonline.com/funds/portfoliovr.asp?schemecode=34232
28,https://www.valueresearchonline.com/funds/portfoliovr.asp?schemecode=34561
29,https://www.valueresearchonline.com/funds/portfoliovr.asp?schemecode=34685
30,https://www.valueresearchonline.com/funds/portfoliovr.asp?schemecode=29870
31,https://www.valueresearchonline.com/funds/portfoliovr.asp?schemecode=30023
32,https://www.valueresearchonline.com/funds/portfoliovr.asp?schemecode=34302
33,https://www.valueresearchonline.com/funds/portfoliovr.asp?schemecode=34425
34,https://www.valueresearchonline.com/funds/portfoliovr.asp?schemecode=37575
35,https://www.valueresearchonline.com/funds/portfoliovr.asp?schemecode=1382
36,https://www.valueresearchonline.com/funds/portfoliovr.asp?schemecode=1416
37,https://www.valueresearchonline.com/funds/portfoliovr.asp?schemecode=7691
38,https://www.valueresearchonline.com/funds/portfoliovr.asp?schemecode=2599
39,https://www.valueresearchonline.com/funds/portfoliovr.asp?schemecode=33306
40,https://www.valueresearchonline.com/funds/portfoliovr.asp?schemecode=33434
41,https://www.valueresearchonline.com/funds/portfoliovr.asp?schemecode=33672
42,https://www.valueresearchonline.com/funds/portfoliovr.asp?schemecode=40020
43,https://www.valueresearchonline.com/funds/portfoliovr.asp?schemecode=29301
44,https://www.valueresearchonline.com/funds/portfoliovr.asp?schemecode=31630
45,https://www.valueresearchonline.com/funds/portfoliovr.asp?schemecode=34732
46,https://www.valueresearchonline.com/funds/portfoliovr.asp?schemecode=33514
47,https://www.valueresearchonline.com/funds/portfoliovr.asp?schemecode=34152
48,https://www.valueresearchonline.com/funds/portfoliovr.asp?schemecode=34741
49,https://www.valueresearchonline.com/funds/portfoliovr.asp?schemecode=28847
50,https://www.valueresearchonline.com/funds/portfoliovr.asp?schemecode=28979
51,https://www.valueresearchonline.com/funds/portfoliovr.asp?schemecode=38500
52,https://www.valueresearchonline.com/funds/portfoliovr.asp?schemecode=38705
53,https://www.valueresearchonline.com/funds/portfoliovr.asp?schemecode=40300
54,https://www.valueresearchonline.com/funds/portfoliovr.asp?schemecode=31354
55,https://www.valueresearchonline.com/funds/portfoliovr.asp?schemecode=5467
56,https://www.valueresearchonline.com/funds/portfoliovr.asp?schemecode=40079
57,https://www.valueresearchonline.com/funds/portfoliovr.asp?schemecode=31366
58,https://www.valueresearchonline.com/funds/portfoliovr.asp?schemecode=1831
59,https://www.valueresearchonline.com/funds/portfoliovr.asp?schemecode=2267
60,https://www.valueresearchonline.com/funds/portfoliovr.asp?schemecode=837
61,https://www.valueresearchonline.com/funds/portfoliovr.asp?schemecode=213
62,https://www.valueresearchonline.com/funds/portfoliovr.asp?schemecode=35737
63,https://www.valueresearchonline.com/funds/portfoliovr.asp?schemecode=35777
64,https://www.valueresearchonline.com/funds/portfoliovr.asp?schemecode=36094
65,https://www.valueresearchonline.com/funds/portfoliovr.asp?schemecode=36468
66,https://www.valueresearchonline.com/funds/portfoliovr.asp?schemecode=36554
67,https://www.valueresearchonline.com/funds/portfoliovr.asp?schemecode=37066
68,https://www.valueresearchonline.com/funds/portfoliovr.asp?schemecode=37070
69,https://www.valueresearchonline.com/funds/portfoliovr.asp?schemecode=37333
70,https://www.valueresearchonline.com/funds/portfoliovr.asp?schemecode=37391
71,https://www.valueresearchonline.com/funds/portfoliovr.asp?schemecode=37591
72,https://www.valueresearchonline.com/funds/portfoliovr.asp?schemecode=37696
73,https://www.valueresearchonline.com/funds/portfoliovr.asp?schemecode=37821
74,https://www.valueresearchonline.com/funds/portfoliovr.asp?schemecode=37929
75,https://www.valueresearchonline.com/funds/portfoliovr.asp?schemecode=38013
76,https://www.valueresearchonline.com/funds/portfoliovr.asp?schemecode=38273
77,https://www.valueresearchonline.com/funds/portfoliovr.asp?schemecode=23418
78,https://www.valueresearchonline.com/funds/portfoliovr.asp?schemecode=1880
79,https://www.valueresearchonline.com/funds/portfoliovr.asp?schemecode=2047
80,https://www.valueresearchonline.com/funds/portfoliovr.asp?schemecode=652
81,https://www.valueresearchonline.com/funds/portfoliovr.asp?schemecode=211
82,https://www.valueresearchonline.com/funds/portfoliovr.asp?schemecode=397
83,https://www.valueresearchonline.com/funds/portfoliovr.asp?schemecode=1550
84,https://www.valueresearchonline.com/funds/portfoliovr.asp?schemecode=1551
85,https://www.valueresearchonline.com/funds/portfoliovr.asp?schemecode=31358
86,https://www.valueresearchonline.com/funds/portfoliovr.asp?schemecode=31350
87,https://www.valueresearchonline.com/funds/portfoliovr.asp?schemecode=212
88,https://www.valueresearchonline.com/funds/portfoliovr.asp?schemecode=2543
89,https://www.valueresearchonline.com/funds/portfoliovr.asp?schemecode=102
90,https://www.valueresearchonline.com/funds/portfoliovr.asp?schemecode=509
91,https://www.valueresearchonline.com/funds/portfoliovr.asp?schemecode=2442
92,https://www.valueresearchonline.com/funds/portfoliovr.asp?schemecode=1493
93,https://www.valueresearchonline.com/funds/portfoliovr.asp?schemecode=40072
94,https://www.valueresearchonline.com/funds/portfoliovr.asp?schemecode=103
95,https://www.valueresearchonline.com/funds/portfoliovr.asp?schemecode=1731
96,https://www.valueresearchonline.com/funds/portfoliovr.asp?schemecode=37435
97,https://www.valueresearchonline.com/funds/portfoliovr.asp?schemecode=38578
98,https://www.valueresearchonline.com/funds/portfoliovr.asp?schemecode=40257
99,https://www.valueresearchonline.com/funds/portfoliovr.asp?schemecode=39636
100,https://www.valueresearchonline.com/funds/portfoliovr.asp?schemecode=31362
101,https://www.valueresearchonline.com/funds/portfoliovr.asp?schemecode=13415
102,https://www.valueresearchonline.com/funds/portfoliovr.asp?schemecode=13414
103,https://www.valueresearchonline.com/funds/portfoliovr.asp?schemecode=13413
104,https://www.valueresearchonline.com/funds/portfoliovr.asp?schemecode=1398
105,https://www.valueresearchonline.com/funds/portfoliovr.asp?schemecode=37989
106,https://www.valueresearchonline.com/funds/portfoliovr.asp?schemecode=2909
107,https://www.valueresearchonline.com/funds/portfoliovr.asp?schemecode=40086
108,https://www.valueresearchonline.com/funds/portfoliovr.asp?schemecode=38827
109,https://www.valueresearchonline.com/funds/portfoliovr.asp?schemecode=36694
110,https://www.valueresearchonline.com/funds/portfoliovr.asp?schemecode=36968
111,https://www.valueresearchonline.com/funds/portfoliovr.asp?schemecode=210
112,https://www.valueresearchonline.com/funds/portfoliovr.asp?schemecode=14718
113,https://www.valueresearchonline.com/funds/portfoliovr.asp?schemecode=215
114,https://www.valueresearchonline.com/funds/portfoliovr.asp?schemecode=10244
115,https://www.valueresearchonline.com/funds/portfoliovr.asp?schemecode=4256
116,https://www.valueresearchonline.com/funds/portfoliovr.asp?schemecode=43
117,https://www.valueresearchonline.com/funds/portfoliovr.asp?schemecode=3641
118,https://www.valueresearchonline.com/funds/portfoliovr.asp?schemecode=9478
119,https://www.valueresearchonline.com/funds/portfoliovr.asp?schemecode=32736
120,https://www.valueresearchonline.com/funds/portfoliovr.asp?schemecode=11215
121,https://www.valueresearchonline.com/funds/portfoliovr.asp?schemecode=214
122,https://www.valueresearchonline.com/funds/portfoliovr.asp?schemecode=83
123,https://www.valueresearchonline.com/funds/portfoliovr.asp?schemecode=3280
124,https://www.valueresearchonline.com/funds/portfoliovr.asp?schemecode=221
125,https://www.valueresearchonline.com/funds/portfoliovr.asp?schemecode=38969
126,https://www.valueresearchonline.com/funds/portfoliovr.asp?schemecode=34860
127,https://www.valueresearchonline.com/funds/portfoliovr.asp?schemecode=33430
128,https://www.valueresearchonline.com/funds/portfoliovr.asp?schemecode=34581
129,https://www.valueresearchonline.com/funds/portfoliovr.asp?schemecode=36078
130,https://www.valueresearchonline.com/funds/portfoliovr.asp?schemecode=14015
131,https://www.valueresearchonline.com/funds/portfoliovr.asp?schemecode=37120
132,https://www.valueresearchonline.com/funds/portfoliovr.asp?schemecode=40106
133,https://www.valueresearchonline.com/funds/portfoliovr.asp?schemecode=40383
134,https://www.valueresearchonline.com/funds/portfoliovr.asp?schemecode=34080
135,https://www.valueresearchonline.com/funds/portfoliovr.asp?schemecode=35170
136,https://www.valueresearchonline.com/funds/portfoliovr.asp?schemecode=12929
137,https://www.valueresearchonline.com/funds/portfoliovr.asp?schemecode=13521
138,https://www.valueresearchonline.com/funds/portfoliovr.asp?schemecode=12817
139,https://www.valueresearchonline.com/funds/portfoliovr.asp?schemecode=39660
140,https://www.valueresearchonline.com/funds/portfoliovr.asp?schemecode=26858
141,https://www.valueresearchonline.com/funds/portfoliovr.asp?schemecode=38205
142,https://www.valueresearchonline.com/funds/portfoliovr.asp?schemecode=5548
143,https://www.valueresearchonline.com/funds/portfoliovr.asp?schemecode=5546
144,https://www.valueresearchonline.com/funds/portfoliovr.asp?schemecode=5625
145,https://www.valueresearchonline.com/funds/portfoliovr.asp?schemecode=5970
146,https://www.valueresearchonline.com/funds/portfoliovr.asp?schemecode=5968
147,https://www.valueresearchonline.com/funds/portfoliovr.asp?schemecode=6365
148,https://www.valueresearchonline.com/funds/portfoliovr.asp?schemecode=3464
149,https://www.valueresearchonline.com/funds/portfoliovr.asp?schemecode=23932
150,https://www.valueresearchonline.com/funds/portfoliovr.asp?schemecode=2144
151,https://www.valueresearchonline.com/funds/portfoliovr.asp?schemecode=541
152,https://www.valueresearchonline.com/funds/portfoliovr.asp?schemecode=34066
153,https://www.valueresearchonline.com/funds/portfoliovr.asp?schemecode=34254
154,https://www.valueresearchonline.com/funds/portfoliovr.asp?schemecode=34537
155,https://www.valueresearchonline.com/funds/portfoliovr.asp?schemecode=32728
156,https://www.valueresearchonline.com/funds/portfoliovr.asp?schemecode=32926
157,https://www.valueresearchonline.com/funds/portfoliovr.asp?schemecode=33046
158,https://www.valueresearchonline.com/funds/portfoliovr.asp?schemecode=33134
159,https://www.valueresearchonline.com/funds/portfoliovr.asp?schemecode=32350
160,https://www.valueresearchonline.com/funds/portfoliovr.asp?schemecode=32420
161,https://www.valueresearchonline.com/funds/portfoliovr.asp?schemecode=35917
162,https://www.valueresearchonline.com/funds/portfoliovr.asp?schemecode=2090
163,https://www.valueresearchonline.com/funds/portfoliovr.asp?schemecode=265
164,https://www.valueresearchonline.com/funds/portfoliovr.asp?schemecode=258
165,https://www.valueresearchonline.com/funds/portfoliovr.asp?schemecode=37138
166,https://www.valueresearchonline.com/funds/portfoliovr.asp?schemecode=15382
167,https://www.valueresearchonline.com/funds/portfoliovr.asp?schemecode=40284
168,https://www.valueresearchonline.com/funds/portfoliovr.asp?schemecode=2730
169,https://www.valueresearchonline.com/funds/portfoliovr.asp?schemecode=30835
170,https://www.valueresearchonline.com/funds/portfoliovr.asp?schemecode=30901
171,https://www.valueresearchonline.com/funds/portfoliovr.asp?schemecode=31946
172,https://www.valueresearchonline.com/funds/portfoliovr.asp?schemecode=32576
173,https://www.valueresearchonline.com/funds/portfoliovr.asp?schemecode=31077
174,https://www.valueresearchonline.com/funds/portfoliovr.asp?schemecode=31382
175,https://www.valueresearchonline.com/funds/portfoliovr.asp?schemecode=31634
176,https://www.valueresearchonline.com/funds/portfoliovr.asp?schemecode=33196
177,https://www.valueresearchonline.com/funds/portfoliovr.asp?schemecode=33343
178,https://www.valueresearchonline.com/funds/portfoliovr.asp?schemecode=33395
179,https://www.valueresearchonline.com/funds/portfoliovr.asp?schemecode=33450
180,https://www.valueresearchonline.com/funds/portfoliovr.asp?schemecode=34617
181,https://www.valueresearchonline.com/funds/portfoliovr.asp?schemecode=11306
182,https://www.valueresearchonline.com/funds/portfoliovr.asp?schemecode=247
183,https://www.valueresearchonline.com/funds/portfoliovr.asp?schemecode=37349
184,https://www.valueresearchonline.com/funds/portfoliovr.asp?schemecode=32474
185,https://www.valueresearchonline.com/funds/portfoliovr.asp?schemecode=35907
186,https://www.valueresearchonline.com/funds/portfoliovr.asp?schemecode=35995
187,https://www.valueresearchonline.com/funds/portfoliovr.asp?schemecode=36062
188,https://www.valueresearchonline.com/funds/portfoliovr.asp?schemecode=36126
189,https://www.valueresearchonline.com/funds/portfoliovr.asp?schemecode=36666
190,https://www.valueresearchonline.com/funds/portfoliovr.asp?schemecode=36224
191,https://www.valueresearchonline.com/funds/portfoliovr.asp?schemecode=36316
192,https://www.valueresearchonline.com/funds/portfoliovr.asp?schemecode=36424
193,https://www.valueresearchonline.com/funds/portfoliovr.asp?schemecode=36558
194,https://www.valueresearchonline.com/funds/portfoliovr.asp?schemecode=36746
195,https://www.valueresearchonline.com/funds/portfoliovr.asp?schemecode=36896
196,https://www.valueresearchonline.com/funds/portfoliovr.asp?schemecode=36940
197,https://www.valueresearchonline.com/funds/portfoliovr.asp?schemecode=37050
198,https://www.valueresearchonline.com/funds/portfoliovr.asp?schemecode=33124
199,https://www.valueresearchonline.com/funds/portfoliovr.asp?schemecode=33088
200,https://www.valueresearchonline.com/funds/portfoliovr.asp?schemecode=33158
201,https://www.valueresearchonline.com/funds/portfoliovr.asp?schemecode=33208
202,https://www.valueresearchonline.com/funds/portfoliovr.asp?schemecode=33246
203,https://www.valueresearchonline.com/funds/portfoliovr.asp?schemecode=33294
204,https://www.valueresearchonline.com/funds/portfoliovr.asp?schemecode=33355
205,https://www.valueresearchonline.com/funds/portfoliovr.asp?schemecode=33602
206,https://www.valueresearchonline.com/funds/portfoliovr.asp?schemecode=33974
207,https://www.valueresearchonline.com/funds/portfoliovr.asp?schemecode=33646
208,https://www.valueresearchonline.com/funds/portfoliovr.asp?schemecode=33738
209,https://www.valueresearchonline.com/funds/portfoliovr.asp?schemecode=33798
210,https://www.valueresearchonline.com/funds/portfoliovr.asp?schemecode=33918
211,https://www.valueresearchonline.com/funds/portfoliovr.asp?schemecode=34000
212,https://www.valueresearchonline.com/funds/portfoliovr.asp?schemecode=34056
213,https://www.valueresearchonline.com/funds/portfoliovr.asp?schemecode=34088
214,https://www.valueresearchonline.com/funds/portfoliovr.asp?schemecode=34124
215,https://www.valueresearchonline.com/funds/portfoliovr.asp?schemecode=34214
216,https://www.valueresearchonline.com/funds/portfoliovr.asp?schemecode=34244
217,https://www.valueresearchonline.com/funds/portfoliovr.asp?schemecode=34312
218,https://www.valueresearchonline.com/funds/portfoliovr.asp?schemecode=34362
219,https://www.valueresearchonline.com/funds/portfoliovr.asp?schemecode=34399
220,https://www.valueresearchonline.com/funds/portfoliovr.asp?schemecode=34451
221,https://www.valueresearchonline.com/funds/portfoliovr.asp?schemecode=34663
222,https://www.valueresearchonline.com/funds/portfoliovr.asp?schemecode=34527
223,https://www.valueresearchonline.com/funds/portfoliovr.asp?schemecode=34571
224,https://www.valueresearchonline.com/funds/portfoliovr.asp?schemecode=34589
225,https://www.valueresearchonline.com/funds/portfoliovr.asp?schemecode=34625
226,https://www.valueresearchonline.com/funds/portfoliovr.asp?schemecode=34722
227,https://www.valueresearchonline.com/funds/portfoliovr.asp?schemecode=34758
228,https://www.valueresearchonline.com/funds/portfoliovr.asp?schemecode=34822
229,https://www.valueresearchonline.com/funds/portfoliovr.asp?schemecode=34890
230,https://www.valueresearchonline.com/funds/portfoliovr.asp?schemecode=35010
231,https://www.valueresearchonline.com/funds/portfoliovr.asp?schemecode=35340
232,https://www.valueresearchonline.com/funds/portfoliovr.asp?schemecode=35024
233,https://www.valueresearchonline.com/funds/portfoliovr.asp?schemecode=35080
234,https://www.valueresearchonline.com/funds/portfoliovr.asp?schemecode=35118
235,https://www.valueresearchonline.com/funds/portfoliovr.asp?schemecode=35198
236,https://www.valueresearchonline.com/funds/portfoliovr.asp?schemecode=35350
237,https://www.valueresearchonline.com/funds/portfoliovr.asp?schemecode=35563
238,https://www.valueresearchonline.com/funds/portfoliovr.asp?schemecode=35637
239,https://www.valueresearchonline.com/funds/portfoliovr.asp?schemecode=35619
240,https://www.valueresearchonline.com/funds/portfoliovr.asp?schemecode=35749
241,https://www.valueresearchonline.com/funds/portfoliovr.asp?schemecode=37294
242,https://www.valueresearchonline.com/funds/portfoliovr.asp?schemecode=37409
243,https://www.valueresearchonline.com/funds/portfoliovr.asp?schemecode=37521
244,https://www.valueresearchonline.com/funds/portfoliovr.asp?schemecode=37668
245,https://www.valueresearchonline.com/funds/portfoliovr.asp?schemecode=38049
246,https://www.valueresearchonline.com/funds/portfoliovr.asp?schemecode=37732
247,https://www.valueresearchonline.com/funds/portfoliovr.asp?schemecode=37903
248,https://www.valueresearchonline.com/funds/portfoliovr.asp?schemecode=38017
249,https://www.valueresearchonline.com/funds/portfoliovr.asp?schemecode=38159
250,https://www.valueresearchonline.com/funds/portfoliovr.asp?schemecode=38235
251,https://www.valueresearchonline.com/funds/portfoliovr.asp?schemecode=38285
252,https://www.valueresearchonline.com/funds/portfoliovr.asp?schemecode=38393
253,https://www.valueresearchonline.com/funds/portfoliovr.asp?schemecode=38504
254,https://www.valueresearchonline.com/funds/portfoliovr.asp?schemecode=38522
255,https://www.valueresearchonline.com/funds/portfoliovr.asp?schemecode=38651
256,https://www.valueresearchonline.com/funds/portfoliovr.asp?schemecode=38751
257,https://www.valueresearchonline.com/funds/portfoliovr.asp?schemecode=38924
258,https://www.valueresearchonline.com/funds/portfoliovr.asp?schemecode=38973
259,https://www.valueresearchonline.com/funds/portfoliovr.asp?schemecode=39518
260,https://www.valueresearchonline.com/funds/portfoliovr.asp?schemecode=39113
261,https://www.valueresearchonline.com/funds/portfoliovr.asp?schemecode=39195
262,https://www.valueresearchonline.com/funds/portfoliovr.asp?schemecode=39280
263,https://www.valueresearchonline.com/funds/portfoliovr.asp?schemecode=39348
264,https://www.valueresearchonline.com/funds/portfoliovr.asp?schemecode=39546
265,https://www.valueresearchonline.com/funds/portfoliovr.asp?schemecode=39618
266,https://www.valueresearchonline.com/funds/portfoliovr.asp?schemecode=39700
267,https://www.valueresearchonline.com/funds/portfoliovr.asp?schemecode=39799
268,https://www.valueresearchonline.com/funds/portfoliovr.asp?schemecode=39887
269,https://www.valueresearchonline.com/funds/portfoliovr.asp?schemecode=39951
270,https://www.valueresearchonline.com/funds/portfoliovr.asp?schemecode=39991
271,https://www.valueresearchonline.com/funds/portfoliovr.asp?schemecode=40054
272,https://www.valueresearchonline.com/funds/portfoliovr.asp?schemecode=38027
273,https://www.valueresearchonline.com/funds/portfoliovr.asp?schemecode=27850
274,https://www.valueresearchonline.com/funds/portfoliovr.asp?schemecode=34635
275,https://www.valueresearchonline.com/funds/portfoliovr.asp?schemecode=34798
276,https://www.valueresearchonline.com/funds/portfoliovr.asp?schemecode=35158
277,https://www.valueresearchonline.com/funds/portfoliovr.asp?schemecode=1167
278,https://www.valueresearchonline.com/funds/portfoliovr.asp?schemecode=1865
279,https://www.valueresearchonline.com/funds/portfoliovr.asp?schemecode=6371
280,https://www.valueresearchonline.com/funds/portfoliovr.asp?schemecode=6457
281,https://www.valueresearchonline.com/funds/portfoliovr.asp?schemecode=654
282,https://www.valueresearchonline.com/funds/portfoliovr.asp?schemecode=284
283,https://www.valueresearchonline.com/funds/portfoliovr.asp?schemecode=5437
284,https://www.valueresearchonline.com/funds/portfoliovr.asp?schemecode=2140
285,https://www.valueresearchonline.com/funds/portfoliovr.asp?schemecode=1968
286,https://www.valueresearchonline.com/funds/portfoliovr.asp?schemecode=1761
287,https://www.valueresearchonline.com/funds/portfoliovr.asp?schemecode=31467
288,https://www.valueresearchonline.com/funds/portfoliovr.asp?schemecode=33112
289,https://www.valueresearchonline.com/funds/portfoliovr.asp?schemecode=33290
290,https://www.valueresearchonline.com/funds/portfoliovr.asp?schemecode=34701
291,https://www.valueresearchonline.com/funds/portfoliovr.asp?schemecode=34962
292,https://www.valueresearchonline.com/funds/portfoliovr.asp?schemecode=724
293,https://www.valueresearchonline.com/funds/portfoliovr.asp?schemecode=5853
294,https://www.valueresearchonline.com/funds/portfoliovr.asp?schemecode=5556
295,https://www.valueresearchonline.com/funds/portfoliovr.asp?schemecode=6453
296,https://www.valueresearchonline.com/funds/portfoliovr.asp?schemecode=1621
297,https://www.valueresearchonline.com/funds/portfoliovr.asp?schemecode=22
298,https://www.valueresearchonline.com/funds/portfoliovr.asp?schemecode=29988
299,https://www.valueresearchonline.com/funds/portfoliovr.asp?schemecode=2138
300,https://www.valueresearchonline.com/funds/portfoliovr.asp?schemecode=544
301,https://www.valueresearchonline.com/funds/portfoliovr.asp?schemecode=10556
302,https://www.valueresearchonline.com/funds/portfoliovr.asp?schemecode=389
303,https://www.valueresearchonline.com/funds/portfoliovr.asp?schemecode=9758
304,https://www.valueresearchonline.com/funds/portfoliovr.asp?schemecode=30886
305,https://www.valueresearchonline.com/funds/portfoliovr.asp?schemecode=757
306,https://www.valueresearchonline.com/funds/portfoliovr.asp?schemecode=34503
307,https://www.valueresearchonline.com/funds/portfoliovr.asp?schemecode=36490
308,https://www.valueresearchonline.com/funds/portfoliovr.asp?schemecode=1976
309,https://www.valueresearchonline.com/funds/portfoliovr.asp?schemecode=5362
310,https://www.valueresearchonline.com/funds/portfoliovr.asp?schemecode=5690
311,https://www.valueresearchonline.com/funds/portfoliovr.asp?schemecode=5687
312,https://www.valueresearchonline.com/funds/portfoliovr.asp?schemecode=8423
313,https://www.valueresearchonline.com/funds/portfoliovr.asp?schemecode=8421
314,https://www.valueresearchonline.com/funds/portfoliovr.asp?schemecode=8589
315,https://www.valueresearchonline.com/funds/portfoliovr.asp?schemecode=9232
316,https://www.valueresearchonline.com/funds/portfoliovr.asp?schemecode=9518
317,https://www.valueresearchonline.com/funds/portfoliovr.asp?schemecode=1993
318,https://www.valueresearchonline.com/funds/portfoliovr.asp?schemecode=281
319,https://www.valueresearchonline.com/funds/portfoliovr.asp?schemecode=39221
320,https://www.valueresearchonline.com/funds/portfoliovr.asp?schemecode=30885
321,https://www.valueresearchonline.com/funds/portfoliovr.asp?schemecode=5923
322,https://www.valueresearchonline.com/funds/portfoliovr.asp?schemecode=1763
323,https://www.valueresearchonline.com/funds/portfoliovr.asp?schemecode=2142
324,https://www.valueresearchonline.com/funds/portfoliovr.asp?schemecode=1578
325,https://www.valueresearchonline.com/funds/portfoliovr.asp?schemecode=625
326,https://www.valueresearchonline.com/funds/portfoliovr.asp?schemecode=1828
327,https://www.valueresearchonline.com/funds/portfoliovr.asp?schemecode=10583
328,https://www.valueresearchonline.com/funds/portfoliovr.asp?schemecode=222
329,https://www.valueresearchonline.com/funds/portfoliovr.asp?schemecode=2820
330,https://www.valueresearchonline.com/funds/portfoliovr.asp?schemecode=38641
331,https://www.valueresearchonline.com/funds/portfoliovr.asp?schemecode=40223
332,https://www.valueresearchonline.com/funds/portfoliovr.asp?schemecode=39933
